{
  "build/cytoscape.umd.js": {
    "bundled": 936254,
    "minified": 348402,
    "gzipped": 108444
  },
  "build/cytoscape.cjs.js": {
    "bundled": 863135,
    "minified": 367690,
    "gzipped": 110764
  },
  "build/cytoscape.esm.js": {
    "bundled": 862962,
    "minified": 367547,
    "gzipped": 110724,
    "treeshaked": {
      "rollup": {
        "code": 343050,
        "import_statements": 51
      },
      "webpack": {
        "code": 344438
      }
    }
  },
  "build/cytoscape.esm.min.js": {
    "bundled": 348207,
    "minified": 347709,
    "gzipped": 108257,
    "treeshaked": {
      "rollup": {
        "code": 347203,
        "import_statements": 0
      },
      "webpack": {
        "code": 348491
      }
    }
  }
}
